# SPA fallback for client-side routing
/*    /index.html   200

# Redirect common paths
/home    /    301
/docs    /documentation/    301

# Handle static HTML pages with trailing slashes
/about    /about/index.html    200
/blog    /blog/index.html    200
/community    /community/index.html    200
/contact    /contact/index.html    200
/documentation    /documentation/index.html    200
/metrics    /metrics/index.html    200
/privacy-policy    /privacy-policy/index.html    200
/terms-of-service    /terms-of-service/index.html    200
/whitepaper    /whitepaper/index.html    200

# Blog post redirects
/blog/anime-adventures-l3-scaling    /blog/anime-adventures-l3-scaling/index.html    200